{"tab":[{"titres2":["La","Valette-du-Var:","incivilités","répétées","à","l'Avenue","83"],"times2":"21/01"},{"titres2":["Top","sorties","Paris","du","21/01/2022","avec","Régine","Hatchondo,","présidente","du","Centre","national","du","livre"],"times2":"21/01"},{"titres2":["Toulon:","les","ventes","immobilières","explosent"],"times2":"21/01"},{"titres2":["Allemagne:","le","gouvernement","va","porter","le","salaire","minimum","à","12","euros","de","l’heure"],"times2":"21/01"},{"titres2":["Lyon",":","un","autre","prêtre","accusé","de","pédophilie"],"times2":"21/01"},{"titres2":["Les","créations","d'entreprises","en","hausse","en","2021","-","21/01"],"times2":"21/01"},{"titres2":["Violences","gynécologiques:","les","plaintes","se","multiplient"],"times2":"21/01"},{"titres2":["JO","d'hiver","dans","les","Alpes","du","Sud:","l'annonce","de","Renaud","Muselier","accueillie","avec","enthousiasme"],"times2":"21/01"},{"titres2":["Derby",":","jour","J","pour","l'OL","et","l'ASSE","!"],"times2":"21/01"},{"titres2":["Entreprises",":","hausse","des","radiations","de","30%","en","2021"],"times2":"21/01"},{"titres2":["Paris:","une","partie","du","budget","de","la","mairie","de","Paris","gelée"],"times2":"21/01"},{"titres2":["Double","Contact:","on","a","maté","Côte","d’Ivoire-Algérie","avec","Heuss","L’Enfoiré"],"times2":"21/01"},{"titres2":["Steven","Le","Hyaric","revient","sur","le","parcours","du","Gravel","Man,","le","tour","de","l'Île-de-France","à","vélo"],"times2":"21/01"},{"titres2":["\"J'ai","eu","une","IVG","et","je","n'ai","pas","été","traumatisée\":","au","Sénat,","Laurence","Rossignol","répond","à","Emmanuel","Macron"],"times2":"21/01"},{"titres2":["Explosion","de","créations","d’entreprises","(+30%)",":","“C’est","une","hausse","conséquente\""],"times2":"21/01"},{"titres2":["Story","5",":","Doit-on","craindre","une","invasion","russe","en","Ukraine","?","-","21/01"],"times2":"21/01"},{"titres2":["Kanye","West","exige","d'avoir","accès","au","montage","de","sa","série","documentaire","Netflix,","\"Jeen-Yuhs\""],"times2":"21/01"},{"titres2":["Ile-de-France:","le","sport","amateur","inquiet","pour","le","pass","vaccinal"],"times2":"21/01"},{"titres2":["Le","pass","vaccinal","entre","en","vigueur","lundi","-","21/01"],"times2":"21/01"},{"titres2":["Buzz","Booster,","un","dispositif","pour","accompagner","les","rappeurs"],"times2":"21/01"},{"titres2":["Paris:","les","marchés","masqués","jusqu'au","2","février"],"times2":"21/01"},{"titres2":["Remboursement","des","PGE",":","un","accord","a","été","signé"],"times2":"21/01"},{"titres2":["Homme","tué","à","Nice:","le","policier","mis","en","examen","pour","homicide","involontaire"],"times2":"21/01"},{"titres2":["Story","4",":","Ma","vie","sans","pass","vaccinal,","Harleen","témoigne","-","21/01"],"times2":"21/01"},{"titres2":["Ouïghours:","pourquoi","la","France","insoumise","s'est","abstenue","sur","la","résolution","reconnaissant","un","\"génocide\""],"times2":"21/01"},{"titres2":["Story","3",":","Pouvoir","d'achat,","les","prix","des","fruits","et","légumes","s'envolent","-","21/01"],"times2":"21/01"},{"titres2":["Teddy","Thomas:","\"Je","ne","suis","pas","du","genre","à","me","mettre","la","pression\""],"times2":"21/01"},{"titres2":["Bouches-du-Rhône:","les","sapeurs-pompiers","cherchent","des","volontaires","pour","l'été"],"times2":"21/01"},{"titres2":["Présidentielle:","le","déplacement","d'Éric","Zemmour","à","Menton","perturbé","par","une","manifestation"],"times2":"21/01"},{"titres2":["Pass","vaccinal","en","vigueur","dès","lundi"],"times2":"21/01"},{"titres2":["SNCF:","forte","perturbation","du","trafic","à","prévoir","lundi","dans","le","Sud-Ouest"],"times2":"21/01"},{"titres2":["Var:","record","d'ensoleillement","au","Luc"],"times2":"21/01"},{"titres2":["Var:","record","d'ensoleillement","au","Luc"],"times2":"21/01"},{"titres2":["Le","chef","d'exploitation","des","remontées","mécaniques","aux","Orres","revient","sur","ce","début","de","saison"],"times2":"21/01"},{"titres2":["On","refait","la","séance",":","Guillaume","Bayre","vs","Thierry","Gautier","-","21/01"],"times2":"21/01"},{"titres2":["Rallye","de","Monte-Carlo:","les","images","très","impressionnantes","du","crash","d'Adrien","Fourmaux,","miraculé"],"times2":"21/01"},{"titres2":["\"Les","Dix","Commandements\":","la","comédie","musicale","bientôt","adaptée","à","New","York"],"times2":"21/01"},{"titres2":["Aides","Covid",":","175M","€versés","indûment"],"times2":"21/01"},{"titres2":["Dégringolade","pour","Netflix","avec","une","perte","de","plus","de","20%","à","Wall","Street"],"times2":"21/01"},{"titres2":["Nice:","des","agressions","en","série","près","de","la","faculté","de","droit"],"times2":"21/01"},{"titres2":["Présidentielle:","Renaud","Muselier","ne","s'exprime","pas","sur","un","éventuel","soutien","à","Valérie","Pécresse"],"times2":"21/01"},{"titres2":["Top","sorties","Lille-Litto","du","21/01/2022","avec","Mahé,","humoriste","et","comédien"],"times2":"21/01"},{"titres2":["Alpes-Maritimes:","Jean","Stellitano","détaille","les","missions","de","la","Nuit","de","la","solidarité"],"times2":"21/01"},{"titres2":["Renaud","Muselier","estime","que","les","JO","d'hiver","amèneront","\"des","moyens","supplémentaires\""],"times2":"21/01"},{"titres2":["Top","sorties","Lyon","du","21/01/2022","avec","Mourad","Merzouki,","chorégraphe","lyonnais"],"times2":"21/01"},{"titres2":["JO","d'hiver","dans","les","Alpes","du","Sud:","pour","Renaud","Muselier","\"c'est","maintenant","qu'il","faut","faire","la","proposition\""],"times2":"21/01"},{"titres2":["Quel","potentiel","sur","les","marchés","désormais","?","-","21/01"],"times2":"21/01"},{"titres2":["Story","2",":","L'évasion","du","\"Cannibale","des","Pyrénées\"","-","21/01"],"times2":"21/01"},{"titres2":["Lesté","par","le","regain","d'aversion","pour","le","risque,","le","CAC","40","termine","la","semaine","à","son","plus","bas","annuel"],"times2":"21/01"},{"titres2":["Alain","Grouès,","invité","de","Bonsoir","Lyon","du","21","janvier","2022"],"times2":"21/01"},{"titres2":["Météo","Paris-Ile","de","France","du","21","janvier:","De","la","grisaille","cet","après-midi"],"times2":"21/01"},{"titres2":["Rhône:","quel","héritage","laisse","l'Abbé","Pierre,","quinze","ans","après","sa","mort?"],"times2":"21/01"},{"titres2":["Vincent","Boy","vs","Alexandre","Stachtchenko","vs","Owen","Simonin",":","faut-il","s'inquiéter","de","la","baisse","du","bitcoin","?","-","21/01"],"times2":"21/01"},{"titres2":["Inditex","France","(Zara):","le","plan","de","sauvegarde","de","l'emploi","annulé","en","appel"],"times2":"21/01"},{"titres2":["Vincent","Boy","vs","Alexandre","Stachtchenko","vs","Owen","Simonin",":","faut-il","s'inquiéter","de","la","baisse","du","bitcoin","?","-","21/01"],"times2":"21/01"},{"titres2":["L'essentiel","de","l'actualité","parisienne","du","vendredi","21","janvier","2022"],"times2":"21/01"},{"titres2":["Grève","des","éboueurs","à","Marseille:","la","préfète","de","police","réquisitionne","des","agents"],"times2":"21/01"},{"titres2":["Construction:","en","cas","de","retard,","il","est","possible","de","demander","des","dommages-intérêts","en","plus","des","pénalités"],"times2":"21/01"},{"titres2":["Alpes-Maritimes:","les","réactions","à","Auron","après","la","future","candidature","du","département","aux","JO","d'hiver"],"times2":"21/01"},{"titres2":["Lyon:","quelle","mémoire","15","ans","après","la","mort","de","l'Abbé","Pierre"],"times2":"21/01"},{"titres2":["Lyon-ASSE","en","direct:","un","derby","de","tous","les","dangers"],"times2":"21/01"},{"titres2":["Covid-19","dans","les","prisons","des","Hauts-de-France:","les","surveillants","en","sous-effectif"],"times2":"21/01"},{"titres2":["Le","profil","du","\"cannibale","des","Pyrénées\""],"times2":"21/01"},{"titres2":["Toulouse:","une","enquête","ouverte","après","l'agression","d'une","femme","par","le","\"cannibale","des","Pyrénées\""],"times2":"21/01"},{"titres2":["Comment","investir","dans","un","projet","sérieux","et","comment","trouver","LA","pépite","?"],"times2":"21/01"},{"titres2":["Jean-Marc","Jocteur","(U'Wine)",":","Investir","dans","le","vin","en","2022,","bonne","idée","?","-","21/01"],"times2":"21/01"},{"titres2":["Quel","avenir","pour","Les","Orres","dans","50","ans?"],"times2":"21/01"},{"titres2":["Hauts-de-France:","des","clusters","dans","les","prisons","du","Nord"],"times2":"21/01"},{"titres2":["Bitcoin","en","baisse",":","que","se","passerait-il","si","le","Bitcoin","passait","sous","les","30.000$","?"],"times2":"21/01"},{"titres2":["Story","1",":","Entrée","en","vigueur","du","pass","vaccinal","lundi","-","21/01"],"times2":"21/01"},{"titres2":["J'ai","testé","l'oxygenothérapie",":","97%","d'oxygène","pur","en","caisson","hyperbare"],"times2":"21/01"},{"titres2":["Alpes-Maritimes:","prévention","des","incendies","domestiques","dans","un","collège","de","Vallauris"],"times2":"21/01"},{"titres2":["Les","Orres:","le","maire","dresse","le","bilan","de","ce","début","de","saison"],"times2":"21/01"},{"titres2":["JO","d'hiver","dans","les","Alpes","du","Sud?","La","réaction","du","maire","des","Orres"],"times2":"21/01"},{"titres2":["Nord:","la","ministre","de","l'industrie","en","visite","à","Aluminium","Dunkerque"],"times2":"21/01"},{"titres2":["\"C’est","un","moment","important","dans","la","lutte","contre","l’épidémie\":","Gabriel","Attal","salue","la","validation","de","l’essentiel","de","la","loi","sur","le","pass","vaccinal"],"times2":"21/01"},{"titres2":["Google,","Facebook...la","décentralisation","menacée","?"],"times2":"21/01"},{"titres2":["Nord:","1500","bombonnes","de","protoxyde","d'azote","découvertes","à","Tourcoing"],"times2":"21/01"},{"titres2":["Les","Orres:","un","\"premier","bilan","positif\"","pour","l'ESF"],"times2":"21/01"},{"titres2":["Google","embauche","un","ancien","cadre","de","Paypal",":","quel","but","?"],"times2":"21/01"},{"titres2":["Allègement","des","mesures","Covid-19:","la","région","prête?"],"times2":"21/01"},{"titres2":["Digne-les-Bains:","la","Coupe","du","monde","de","rugby","amateur","se","prépare"],"times2":"21/01"},{"titres2":["Côte","d'Azur:","une","mobilisation","anti-Zemmour","à","Menton"],"times2":"21/01"},{"titres2":["Comment","les","fonds","d’investissements","se","rémunèrent-ils","sur","leurs","investissements","?"],"times2":"21/01"},{"titres2":["\"Je","me","cache","du","Covid-19\":","les","personnes","immunodéprimées","inquiètes","de","l'allègement","des","restrictions"],"times2":"21/01"},{"titres2":["Alpes-de-Haute-Provence:","débat","autour","d'une","antenne","relai","à","Aiglun"],"times2":"21/01"},{"titres2":["Régis","Lefort","(Talence","Gestion)",":","Focus","sur","le","titre","\"Eramet\"","-","21/01"],"times2":"21/01"},{"titres2":["Cryptos",";","d’où","vient","l’argent","?"],"times2":"21/01"},{"titres2":["Montclar:","les","hypothétiques","JO","d'hiver","dans","les","Alpes","du","Sud","enthousiasment"],"times2":"21/01"},{"titres2":["OL-Saint","Etienne:","quand","Bosz","et","Dupraz","étaient","coéquipiers","à","Toulon"],"times2":"21/01"},{"titres2":["USA","Today",":","les","nouveaux","abonnés","Netflix","déçoivent,","l'action","chute","-","21/01"],"times2":"21/01"},{"titres2":["Rhône:","le","trafic","des","TER","perturbé","après","l'affaissement","de","caténaires"],"times2":"21/01"},{"titres2":["Microsoft/Activision","Blizzard",":","quelles","conséquences","pour","les","cryptos","?"],"times2":"21/01"},{"titres2":["Qui","sont","vraiment","les","non-vaccinés","?"],"times2":"21/01"},{"titres2":["Open","Sea","rachète","Dharma","Labs",":","quelles","conséquences","?"],"times2":"21/01"},{"titres2":["Franklin","Pichard","(Kiplink","Finance)",":","Quel","potentiel","sur","les","marchés","désormais","?","-","21/01"],"times2":"21/01"},{"titres2":["Un","fan","de","Johnny","Hallyday","va","ouvrir","une","boutique","pour","lui","rendre","hommage"],"times2":"21/01"},{"titres2":["Cryptos",":","\"Lorsque","le","Bitcoin","va","baisser,","d’autres","crypto","monnaies","en","profiteront\""],"times2":"21/01"},{"titres2":["Covid-19:","la","Haute","autorité","de","santé","autorise","l'accès","précoce","à","Paxlovid,","l'antiviral","de","Pfizer"],"times2":"21/01"},{"titres2":["Baisse","du","bitcoin",":","faut-il","s’inquiéter","?"],"times2":"21/01"},{"titres2":["Sandrine","Allonier","(Vousfinancer)","&","Marie","Coeurderoy","(BFM","Business)",":","Quelle","évolution","des","taux","en","ce","début","d'année","?","-","21/01"],"times2":"21/01"},{"titres2":["Refus","de","prêt","immobilier:","quels","motifs,","comment","l'éviter","et","quelles","solutions","pour","les","emprunteurs?"],"times2":"21/01"},{"titres2":["Frederick","Ducrozet","(Pictet","Wealth","Management)",":","La","Fed","bluffe-t-elle","pour","laisser","le","marché","s'ajuster","par","lui-même","ou","agira-t-elle","vraiment","fort","cette","année","?","-","21/01"],"times2":"21/01"},{"titres2":["Déçus","par","le","nombre","d'abonnés,","les","investisseurs","lâchent","Netflix,","qui","s'effondre","à","Wall","Street"],"times2":"21/01"},{"titres2":["“Zemmour","n’est","pas","le","bienvenu","ici”:","des","étudiants","manifestent","à","Menton","contre","la","venue","d'Éric","Zemmour"],"times2":"21/01"},{"titres2":["Nord:","une","mère","de","famille","disparue","depuis","une","semaine,","de","nouvelles","recherches","ce","week-end"],"times2":"21/01"},{"titres2":["PSG","handball:","\"Je","suis","un","survivant\",","le","message","fort","d’Elohim","Prandi","après","son","agression","au","couteau"],"times2":"21/01"},{"titres2":["FOCUS",":","Une","voiture","pour","l'environnement","au","Rallye","Monte-Carlo"],"times2":"21/01"},{"titres2":["\"Woody","a","tout","d'un","animal","de","compagnie\":","elle","se","bat","pour","récupérer","le","sanglier","qu'elle","a","élevé"],"times2":"21/01"},{"titres2":["Présidentielle:","la","fin","des","restrictions","sanitaires,","un","boulevard","pour","l'entrée","en","campagne","de","Macron"],"times2":"21/01"},{"titres2":["Renault","précise","son","partenariat","avec","le","chinois","Geely","en","Corée","du","Sud"],"times2":"21/01"},{"titres2":["La","vérité","sur","la","hausse","des","prix","alimentaires"],"times2":"21/01"},{"titres2":["Un","adolescent","de","13","ans","roule","à","130km/h","sur","l'autoroute","et","tente","de","semer","la","police"],"times2":"21/01"},{"titres2":["\"The","Batman\":","la","musique","du","film","avec","Robert","Pattinson","dévoilée"],"times2":"21/01"},{"titres2":["Pourquoi","Michel-Edouard","Leclerc","veut","bloquer","les","prix","de","certains","produits"],"times2":"21/01"},{"titres2":["Le","Conseil","constitutionnel","censure","la","possibilité","du","pass","vaccinal","pour","les","meetings","politiques"],"times2":"21/01"},{"titres2":["Homme","tué","à","Nice:","le","policier","mis","en","examen","pour","\"homicide","involontaire\""],"times2":"21/01"},{"titres2":["Le","forum","de","Davos","se","tiendra","en","physique","du","22","au","26","mai"],"times2":"21/01"},{"titres2":["Marseille:","les","manifestations","anti-pass","sanitaire","interdites","dans","plusieurs","secteurs","samedi"],"times2":"21/01"},{"titres2":["Sondages","de","l'Élysée",":","Claude","Guéant","condamné","à","8","mois","de","prison","ferme"],"times2":"21/01"},{"titres2":["EXPERT","D'ICI",":","Azur","Promo,","l'entreprise","familiale","de","portage","de","repas"],"times2":"21/01"},{"titres2":["Face","à","la","flambée","des","prix,","le","retour","du","chèque","carburant?"],"times2":"21/01"},{"titres2":["Johnny","Depp","dans","la","peau","de","Louis","XV","pour","le","prochain","film","de","Maïwenn"],"times2":"21/01"},{"titres2":["Pass","vaccinal",":","le","Conseil","constitutionnel","valide","l'essentiel","du","projet","de","loi"],"times2":"21/01"},{"titres2":["La","météo","pour","ce","samedi","22","janvier","2022"],"times2":"21/01"},{"titres2":["Le","fondateur","de","l'association","LGBT","\"Le","Refuge\"","mis","en","examen","pour","viol","et","agression","sexuelle"],"times2":"21/01"},{"titres2":["La","vérité","sur","la","hausse","des","prix","alimentaires","-","21/01"],"times2":"21/01"},{"titres2":["Lille:","Ben","Arfa","déjà","dans","le","groupe","pour","affronter","Brest"],"times2":"21/01"},{"titres2":["Nice:","forfait","pour","la","CAN","avec","le","Gabon,","Lemina","pourrait","jouer","dès","dimanche","en","Ligue","1"],"times2":"21/01"},{"titres2":["Ce","qui","va","changer","lundi","avec","l'entrée","en","vigueur","du","pass","vaccinal"],"times2":"21/01"},{"titres2":["Le","point","sur","les","marchés,","en","France","et","aux","Etats-Unis"],"times2":"21/01"},{"titres2":["Le","rêve","d'acheter","une","résidence","secondaire","a","un","prix:","près","de","280.000","euros","en","moyenne","en","France"],"times2":"21/01"},{"titres2":["\"J'ai","eu","une","IVG,","je","n'ai","pas","été","traumatisée\":","La","vice-présidente","du","Sénat,","Laurence","Rossignol,","témoigne","de","son","expérience","devant","le","Sénat"],"times2":"21/01"},{"titres2":["Le","secteur","de","l'événementiel","soulagé","après","l'annonce","de","la","levée","des","restrictions","sanitaires"],"times2":"21/01"},{"titres2":["Pass","vaccinal:","le","Conseil","constitutionnel","valide","l'essentiel","du","projet","de","loi"],"times2":"21/01"},{"titres2":["Le","Livret","A","a","capté","moins","d'épargne","en","2021,","avec","une","collecte","nette","de","15","milliards","d'euros"],"times2":"21/01"},{"titres2":["Affaire","des","sondages","de","l'Elysée:","Claude","Guéant","condamné","à","8","mois","de","prison","ferme"],"times2":"21/01"},{"titres2":["Yvelines:","une","maire","refuse","de","d'entamer","la","campagne","de","recensement","à","cause","du","Covid"],"times2":"21/01"},{"titres2":["Une","chanson","disco,","restée","50","ans","dans","les","cartons,","repérée","par","Marvel","grâce","à","TikTok"],"times2":"21/01"},{"titres2":["Marseille:","drogue","et","argent","\"facile\",","la","justice","alerte","sur","un","piège","\"infernal\"","pour","des","mineurs"],"times2":"21/01"},{"titres2":["Les","écouteurs","divisent","par","dix","l’exposition","aux","ondes","des","smartphones"],"times2":"21/01"},{"titres2":["\"Je","savais","qu'il","fallait","intervenir\":","le","Toulousain","qui","a","maîtrisé","le","\"cannibale","des","Pyrénées\"","témoigne"],"times2":"21/01"},{"titres2":["Le","pape","François","déclare","Saint","Irénée","de","Lyon","\"docteur","de","l'Eglise\""],"times2":"21/01"},{"titres2":["\"On","veut","me","refaire","le","coup","de","Fillon\":","Zemmour","invoque","l'ex-candidat","pour","dénoncer","\"une","justice","instrumentalisée\""],"times2":"21/01"},{"titres2":["Ultradroite:","le","chef","présumé","des","Zouaves","Paris","condamné","à","un","an","de","prison","ferme"],"times2":"21/01"},{"titres2":["Le","projet","d’Orange","pour","créer","un","géant","des","télécoms","en","Afrique"],"times2":"21/01"},{"titres2":["Après","la","baguette,","la","viande","bradée","?","-","21/01"],"times2":"21/01"},{"titres2":["PSG:","Mbappé","encore","absent","de","l’entraînement","et","incertain","pour","Reims"],"times2":"21/01"},{"titres2":["Royaume-Uni:","baisse","record","des","achats","à","Noël","en","pleine","vague","Omicron"],"times2":"21/01"},{"titres2":["Laurent","Wauquiez","confie","être","\"très","heureux","d'accueillir","Valérie","Pécresse\"","à","Dunières"],"times2":"21/01"},{"titres2":["Lyon:","nouvelle","enquête","sur","un","prêtre","mort","en","2006,","soupçonné","d'agressions","sexuelles"],"times2":"21/01"},{"titres2":["Bientôt","la","fin","du","bocal","rond","pour","les","poissons","rouges?"],"times2":"21/01"},{"titres2":["Comment","ce","Toulousain","a","neutralisé","\"le","cannibale","des","Pyrénées\""],"times2":"21/01"},{"titres2":["\"Rétrospectivement,","je","m’en","veux","terriblement\":","les","parents","de","Maëlys","racontent","son","dernier","été"],"times2":"21/01"},{"titres2":["Guadeloupe:","un","gendarme","blessé","par","balle","en","marge","de","manifestations","anti-pass","sanitaire"],"times2":"21/01"},{"titres2":["Covid-19:","le","directeur","général","des","HCL","s'attend","à","une","baisse","de","la","pression","hospitalière","\"dans","15","jours\""],"times2":"21/01"},{"titres2":["Mercato:","Saint-Etienne","officialise","la","signature","de","Gnagnon,","qui","n'a","plus","joué","depuis","un","an"],"times2":"21/01"},{"titres2":["Mercato:","où","en","est","Ndombele,","barré","à","Tottenham","et","courtisé","par","le","PSG","?"],"times2":"21/01"},{"titres2":["Hautes-Alpes:","selon","Nicolas","Faure","(ex-RN),","Zemmour","veut","\"relancer","les","services","publics\""],"times2":"21/01"},{"titres2":["Risoul:","le","directeur","technique","de","l'ESF","est","mort","dans","un","accident"],"times2":"21/01"},{"titres2":["Hautes-Alpes:","Nicolas","Faure","(ex-RN)","explique","pourquoi","il","soutient","Éric","Zemmour"],"times2":"21/01"},{"titres2":["Hautes-Alpes:","Nicolas","Faure","(ex-RN)","explique","pourquoi","il","soutient","Éric","Zemmour"],"times2":"21/01"},{"titres2":["Vous","recrutez:","Agicap","/","Mantu","-","21/01"],"times2":"21/01"},{"titres2":["Mantu",":","Groupe","international","de","conseil","en","transformation","tech,","managériale","et","innovation"],"times2":"21/01"},{"titres2":["Gap:","l'usine","Badin","poursuit","sa","mue"],"times2":"21/01"},{"titres2":["Après","la","baguette,","la","viande","bradée","?","-","21/01"],"times2":"21/01"},{"titres2":["\"Mettre","Seb","en","copilote\":","Daniel","Elena","lance","un","défi","à","son","ancien","partenaire","de","rallye","Sébastien","Loeb"],"times2":"21/01"},{"titres2":["Covid:","la","métallurgie","et","les","bureaux","d'étude","ont","été","les","plus","touchés","par","les","plans","sociaux"],"times2":"21/01"},{"titres2":["Ça","recrute","!","Agicap",":","Outil","de","gestion","de","prévision","de","trésorerie","pour","les","PME"],"times2":"21/01"},{"titres2":["Au","large","de","l'île","de","Tahiti,","un","récif","de","coraux","géants","en","forme","de","roses","et","en","bonne","santé","découvert","par","des","scientifiques"],"times2":"21/01"},{"titres2":["Ce","Tongien","de","57","ans","a","survécu","au","tsunami","provoqué","par","l’éruption","du","volcan","aux","îles","Tonga"],"times2":"21/01"},{"titres2":["Comment","utiliser","les","\"serious","game\"","en","entreprise","?","-","21/01"],"times2":"21/01"},{"titres2":["Renaud","Muselier","en","visite","dans","les","Hautes-Alpes","ce","vendredi"],"times2":"21/01"},{"titres2":["Renaud","Muselier","en","visite","dans","les","Hautes-Alpes","ce","vendredi"],"times2":"21/01"},{"titres2":["La","vaccination","devient","obligatoire","en","Autriche"],"times2":"21/01"},{"titres2":["Travailler","en","jouant","?","Comment","utiliser","les","“serious","games”","en","entreprise","?"],"times2":"21/01"},{"titres2":["Rallye","de","Monte-Carlo:","Ogier","et","Loeb","au","coude-à-coude"],"times2":"21/01"},{"titres2":["Rallye","de","Monte-Carlo:","Ogier","et","Loeb","au","coude-à-coude"],"times2":"21/01"},{"titres2":["MonsterVerse:","Apple","TV+","prépare","une","série","sur","Godzilla","et","les","Titans"],"times2":"21/01"},{"titres2":["Elon","Musk","souhaite","tester","pour","la","première","fois","l’implant","cérébral"],"times2":"21/01"},{"titres2":["Laurence","Devillers","(LIMSI-CNRS)",":","Implants","cérébraux,","Elon","Musk","veut","accélérer","-","21/01"],"times2":"21/01"},{"titres2":["Nerveux","avant","la","Fed,","le","CAC","reflue","sensiblement","dans","le","sillage","de","Wall","Street"],"times2":"21/01"},{"titres2":["Poisson","rouge",":","la","fin","du","bocal","!","-","21/01"],"times2":"21/01"},{"titres2":["TotalEnergies","va","quitter","la","Birmanie"],"times2":"21/01"},{"titres2":["Une","\"rave","party\"","organisée","dans","le","\"métavers\"","suscite","la","moquerie","des","internautes"],"times2":"21/01"},{"titres2":["Le","quick","commerçant","Kol","ferme","ses","services","de","livraison","aux","particuliers"],"times2":"21/01"},{"titres2":["Lyon:","un","couple","mis","en","examen","pour","avoir","écoulé","plus","de","1000","faux","pass","sanitaires"],"times2":"21/01"},{"titres2":["\"Les","services","de","réanimation","ne","seront","pas","vidés","le","16","février\":","l'alerte","de","Gilles","Pialoux","après","les","annonces","de","Jean","Castex"],"times2":"21/01"},{"titres2":["Les","radiations","d'entreprises","ont","bondi","de","plus","de","30%","en","2021"],"times2":"21/01"},{"titres2":["Début","février,","le","porte-avions","Charles","de","Gaulle","lèvera","l'ancre","pour","la","Méditerranée","orientale"],"times2":"21/01"},{"titres2":["Rachat","d'Activision","Blizzard:","Microsoft","veut","\"garder","Call","of","Duty","sur","PlayStation\""],"times2":"21/01"},{"titres2":["Les","questions",":","Faut-il","jouer","sur","le","secteur","de","l'alimentation","pour","2022","?","-","21/01"],"times2":"21/01"},{"titres2":["BFMTV","répond","à","vos","questions",":","Quand","on","aura-t-on","fini","avec","le","masque","en","extérieur","?","-","21/01"],"times2":"21/01"},{"titres2":["Variant","BA.2:","faut-il","s'inquiéter","?","BFMTV","répond","à","vos","questions"],"times2":"21/01"},{"titres2":["Idée","de","fonds",":","Un","danger","sur","la","tech","américaine","?","-","21/01"],"times2":"21/01"},{"titres2":["Des","records","d'ensoleillement","battus","dans","le","sud-est","de","la","France"],"times2":"21/01"},{"titres2":["Quel","sera","le","mode","d'emploi","du","pass","vaccinal","?","BFMTV","répond","à","vos","questions"],"times2":"21/01"},{"titres2":["Levée","des","restrictions","sanitaires:","quel","est","le","calendrier","?","BFMTV","répond","à","vos","questions"],"times2":"21/01"},{"titres2":["Sous","les","40.000","dollars,","le","bitcoin","au","plus","bas","depuis","août"],"times2":"21/01"},{"titres2":["Emmanuel","Sales","VS","Daniel","Gerino:","Que","faut-il","anticiper","en","matière","d'activité","économique","et","de","croissance","mondiale","pour","2022","?","-","21/01"],"times2":"21/01"},{"titres2":["Qui","est","le","\"cannibale","des","Pyrénées\",","qui","s'est","évadé","de","l'hôpital","et","a","agressé","une","femme","à","Toulouse?"],"times2":"21/01"},{"titres2":["Emmanuel","Sales","VS","Daniel","Gerino:","Que","penser","de","la","baisse","des","taux","de","cette","semaine","en","Chine","?","-","21/01"],"times2":"21/01"},{"titres2":["Grève","des","éboueurs","à","Marseille:","\"le","temps","des","négociations","est","terminé\",","la","Métropole","répond","à","Force","Ouvrière"],"times2":"21/01"},{"titres2":["Vers","la","fin","du","bocal","pour","les","poissons","rouges","?"],"times2":"21/01"},{"titres2":["PSG:","Hamraoui","devrait","enfin","rejouer","à","Saint-Etienne"],"times2":"21/01"},{"titres2":["Covid",":","la","lumière","au","bout","du","tunnel","?","-","21/01"],"times2":"21/01"},{"titres2":["Idée","de","placements:","Le","discours","des","banquiers","centraux","peut-il","évoluer","ce","trimestre","?","-","21/01"],"times2":"21/01"},{"titres2":["Gilles","Pialoux","sur","la","levée","des","restrictions:","\"est-ce","que","ça","nous","rassure","sur","le","terrain","des","blouses","blanches","?","La","réponse","est","non\""],"times2":"21/01"},{"titres2":["Covid-19:","près","de","19.000","classes","fermées,","un","record","depuis","le","début","de","la","pandémie"],"times2":"21/01"},{"titres2":["Wallace","et","Gromit","de","retour","sur","la","BBC","et","Netflix","en","2024"],"times2":"21/01"},{"titres2":["Le","laboratoire","Boiron","a","tourné","la","page","de","sa","dépendance","aux","produits","homéopathiques"],"times2":"21/01"},{"titres2":["Grâce","à","la","reprise","des","expositions","et","grands","évènements,","GL","Events","renoue","avec","les","profits","en","2021"],"times2":"21/01"},{"titres2":["Toulouse:","évadé","de","l'hôpital","psychiatrique,","le","\"cannibale","des","Pyrénées\"","agresse","une","septuagénaire"],"times2":"21/01"},{"titres2":["Les","entreprises","se","réunissent","contre","l'aileronnage"],"times2":"21/01"},{"titres2":["Nicolas","Doze",":","Les","taux","d'emprunt","immobilier","vont","remonter","-","21/01"],"times2":"21/01"},{"titres2":["26%","des","patients","Covid-19","sont","hospitalisés","\"pour","un","autre","motif\"","que","le","coronavirus"],"times2":"21/01"},{"titres2":["Vincent","Bollaert","(Vincent","Bollaert):","Bureaux,","commerces","physiques,","perspectives","de","reprise,","comment","le","marché","immobilier","évolue-t-il","?","-","21/01"],"times2":"21/01"},{"titres2":["\"The","Batman\"","est","le","plus","long","film","jamais","réalisé","sur","le","super-héros"],"times2":"21/01"},{"titres2":["A","Singapour,","Samsung","retire","une","publicité","mettant","en","scène","une","drag","queen","et","sa","mère","voilée"],"times2":"21/01"},{"titres2":["Un","homme","accusé","de","cannibalisme","sème","la","panique","en","plein","Toulouse"],"times2":"21/01"},{"titres2":["Horaires","à","rallonge,","pressions,","humiliations:","une","association","d'aide","aux","étrangers","jugée","pour","esclavagisme"],"times2":"21/01"},{"titres2":["Marie","Coeurderoy",":","2021","marquée","par","des","taux","d'intérêt","réels","négatifs","pour","la","quasi-totalité","des","emprunteurs","-","21/01"],"times2":"21/01"},{"titres2":["Gaz:","TotalEnergies","annonce","son","retrait","de","Birmanie","à","la","suite","du","coup","d'Etat"],"times2":"21/01"},{"titres2":["Pépites","&","Pipeaux:","Imerys","-","21/01"],"times2":"21/01"},{"titres2":["Semi-conducteurs:","Intel","va","ouvrir","une","usine","à","20","milliards","de","dollars","dans","l'Ohio","aux","Etats-Unis"],"times2":"21/01"},{"titres2":["Dordogne:","de","faux","gendarmes","en","vrais","uniformes","sévissent","dans","le","département"],"times2":"21/01"},{"titres2":["EDF:","Le","Maire","\"veillera","au","grain\"","sur","la","répercussion","des","baisse","de","prix","par","les","fournisseurs"],"times2":"21/01"},{"titres2":["Provence-Alpes-Côte","d'Azur:","Élodie","Lacourt","élue","miss","Curvy","2021"],"times2":"21/01"},{"titres2":["L'appi","Elyze,","le","\"Tinder\"","de","la","présidentielle,","ne","conserve","plus","les","données","des","utilisateurs"],"times2":"21/01"},{"titres2":["OL-Saint","Etienne:","à","quelle","heure","et","sur","quelle","chaîne","regarder","le","bouillant","derby","en","Ligue","1"],"times2":"21/01"},{"titres2":["Les","grandes","surfaces","ont","vendu","près","de","17","millions","d'autotests","du","28","décembre","au","16","janvier"],"times2":"21/01"},{"titres2":["Les","Experts",":","Faut-il","s'en","réjouir","car","le","risque","et","le","temps","vont","cesser","de","valoir","zéro","?","-","21/01"],"times2":"21/01"},{"titres2":["Contentieux","sur","l'A350:","Airbus","annule","une","commande","d'A321","pour","mettre","la","pression","sur","Qatar","Airways"],"times2":"21/01"},{"titres2":["Vaccination","des","5-11","ans:","pourquoi","ça","traîne","?"],"times2":"21/01"},{"titres2":["Après","le","carburant","et","la","baguette,","Michel-Edouard","Leclerc","promet","de","\"bloquer\"","d'autres","prix"],"times2":"21/01"},{"titres2":["Faut-il","rendre","le","port","du","casque","obligatoire","sur","les","pistes","de","ski?"],"times2":"21/01"},{"titres2":["Gap:","nouveau","procès","en","mars","pour","l'affaire","du","\"meurtre","de","la","Placette\""],"times2":"21/01"},{"titres2":["Variant","BA.2:","faut-il","s'inquiéter","?"],"times2":"21/01"},{"titres2":["\"A","500","euros","le","menu,","on","n'a","pas","les","mêmes","clients\":","Michel","Edouard","Leclerc","répond","à","Thierry","Marx"],"times2":"21/01"},{"titres2":["Chanteloup-les-Vignes:","la","maire","reporte","la","campagne","de","recensement","en","raison","du","Covid-19"],"times2":"21/01"},{"titres2":["\"Il","a","oublié","d'où","il","vient\":","Michel-Edouard","Leclerc","tacle","le","patron","de","Lidl","après","la","polémique","sur","la","baguette","à","29","centimes"],"times2":"21/01"},{"titres2":["Mort","du","chanteur","Meat","Loaf,","acteur","du","\"Rocky","Horror","Picture","Show\"","et","de","\"Fight","Club\""],"times2":"21/01"},{"titres2":["Damien","Loulidi,","mister","Ile-de-France","décrit","son","parcours","personnel","et","professionnel"],"times2":"21/01"},{"titres2":["Les","Experts:","La","BCE","n'exclut","pas","une","inflation","\"plus","élevée","que","prévu\"","et","pendant","\"plus","longtemps\"","-","21/01"],"times2":"21/01"},{"titres2":["Avec","plus","de","6","millions","de","ventes","en","2021,","le","marché","immobilier","est","en","surchauffe","aux","Etats-Unis"],"times2":"21/01"},{"titres2":["Jean-Baptiste","Lemoyne","confirme","le","souhait","de","rouvrir","les","boîtes","de","nuit","\"dans","des","conditions","ordinaires\"","et","\"en","principe,","sans","masque\""],"times2":"21/01"},{"titres2":["Var:","record","d'ensoleillement","au","Luc","cet","hiver"],"times2":"21/01"},{"titres2":["Damien","Loulidi,","mister","Ile-de-France,","espère","un","podium","à","Mister","France"],"times2":"21/01"},{"titres2":["Daniel","Elena","défie","Sébastien","Loeb"],"times2":"21/01"},{"titres2":["Daniel","Elena","défie","Sébastien","Loeb"],"times2":"21/01"},{"titres2":["Nice:","les","détails","du","projet","de","la","ligne","5","du","tramway"],"times2":"21/01"},{"titres2":["Première","nuit","de","la","solidarité","à","Marseille:","l'adjointe","au","maire","Audrey","Garino","estime","\"l'initiative","réussie\""],"times2":"21/01"},{"titres2":["Jean-Baptiste","Lemoyne:","\"Grâce","au","effort","des","Français","et","au","pass","vaccinal,","nous","sommes","armés","pour","virer","le","virus\""],"times2":"21/01"},{"titres2":["OM:","\"Je","rentre","à","la","maison\",","Benedetto","très","heureux","de","retrouver","Boca","Juniors"],"times2":"21/01"},{"titres2":["Orthophoniste,","diététiciens,","opticiens...","de","nouvelles","professions","autorisées","à","réaliser","des","tests"],"times2":"21/01"},{"titres2":["Côte","de","porc","à","2€/kg:","Michel-Edouard","Leclerc","assure","que","le","groupe","est","celui","\"qui","achète","le","porc","le","plus","cher","aux","agriculteurs\""],"times2":"21/01"},{"titres2":["Michel-Edouard","Leclerc:","\"On","va","avoir","une","inflation","de","5%","sur","l'alimentaire","et","de","7%","sur","le","non-alimentaire\""],"times2":"21/01"},{"titres2":["Didier","Raoult,","Jul,","l'OM…","Des","emojis","représentent","les","symboles","de","Marseille"],"times2":"21/01"},{"titres2":["L'expert",":","Industrie,","pourquoi","les","patrons","ont","le","moral","?","-","21/01"],"times2":"21/01"},{"titres2":["Michel-Édouard","Leclerc","face","à","Jean-Jacques","Bourdin","en","direct","-","21/01"],"times2":"21/01"},{"titres2":["Dans","le","secteur","évènementiel","(350","000","emplois),","les","mesures","de","soutien","ont-elles","été","suffisantes","pour","sauver","les","entreprises","?"],"times2":"21/01"},{"titres2":["Nice:","200","bénévoles","mobilisés","pour","la","\"Nuit","de","la","solidarité\""],"times2":"21/01"},{"titres2":["Michel-Edouard","Leclerc","sur","la","baguette","à","29","centimes:","\"Le","blocage","des","prix","est","important","car","on","va","arriver","à","une","inflation","à","4%\""],"times2":"21/01"},{"titres2":["C'est","Votre","Argent:","Crise","sanitaire,","explosion","des","inégalités","entre","les","grandes","puissances","économiques","et","les","pays","émergents","-","21/01"],"times2":"21/01"},{"titres2":["Michel-Edouard","Leclerc","sur","la","viande","à","2€/kg:","\"Ma","seule","préoccupation","c'est","de","fournir","de","la","nourriture","saine","et","pas","trop","chère\""],"times2":"21/01"},{"titres2":["Pass","vaccinal:","Michel-Edouard","Leclerc","\"n'a","pas","envie","d'emmerder","ses","salariés\""],"times2":"21/01"},{"titres2":["Avec","l'album","\"L'Héritage","Goldman\",","Michael","Jones","veut","faire","\"vivre","les","chansons","autrement\""],"times2":"21/01"},{"titres2":["Alpes-Maritimes:","Tariq","Ramadan","à","Carros,","une","venue","polémique"],"times2":"21/01"},{"titres2":["Disney","prépare","un","remake","en","live-action","de","son","classique","\"Les","Aristochats\""],"times2":"21/01"},{"titres2":["Grève","des","éboueurs","à","Marseille:","la","Métropole","répond","à","Force","Ouvrière"],"times2":"21/01"},{"titres2":["Michel-Edouard","Leclerc,","président","du","comité","stratégique","du","groupe","Leclerc,","indique","que","près","de","1,2","millions","d'autotests","ont","été","vendus"],"times2":"21/01"},{"titres2":["Covid",":","la","lumière","au","bout","du","tunnel","?","-","21/01"],"times2":"21/01"},{"titres2":["Renaud","Hamaide","(Comexposium):","Le","secteur","de","l'évènementiel","voit","le","bout","du","tunnel","-","21/01"],"times2":"21/01"},{"titres2":["Marignane:","le","maire","refuse","la","mise","en","place","de","cours","d'arabe","dans","la","commune"],"times2":"21/01"},{"titres2":["Les","marchés","ce","matin:"],"times2":"21/01"},{"titres2":["Cannes:","le","directeur","artistique","du","Bisous","Bisous","se","réjouit","de","\"retrouver","le","public","sur","le","dancefloor\""],"times2":"21/01"},{"titres2":["Squid","Game:","Netflix","donne","officiellement","le","feu","vert","pour","une","saison","2"],"times2":"21/01"},{"titres2":["Grans:","le","maire","Yves","Vidal","va","démissionner"],"times2":"21/01"},{"titres2":["Covid-19:","le","directeur","général","des","HCL","estime","que","la","pression","hospitalière","pourrait","commencer","à","baisser","dans","\"15","jours\""],"times2":"21/01"},{"titres2":["Alpes-Maritimes:","Alexandra","Borchio-Fontimp","(LR)","opposée","à","la","venue","de","Tariq","Ramadan"],"times2":"21/01"},{"titres2":["Saint-Auban",":","4ème","ville","la","plus","ensoleillée"],"times2":"21/01"},{"titres2":["Saint-Auban",":","4ème","ville","la","plus","ensoleillée"],"times2":"21/01"},{"titres2":["Alstom","va","recruter","7500","personnes","dans","le","monde"],"times2":"21/01"},{"titres2":["Superbowl",":","les","stars","de","la","mi-temps","-","21/01"],"times2":"21/01"},{"titres2":["Côte","d'Azur:","les","objectifs","d'Alexandra","Borchio-Fontimp,","nouvelle","présidente","du","Comité","régional","de","tourisme"],"times2":"21/01"},{"titres2":["Alstom","annonce","vouloir","recruter","7500","personnes","dans","le","monde"],"times2":"21/01"},{"titres2":["Covid-19:","le","directeur","général","des","HCL","assure","qu'il","y","a","toujours","une","augmentation","des","hospitalisations","à","Lyon"],"times2":"21/01"},{"titres2":["Natacha,","Nathan,","Noé,","Sarah...","Qui","étaient","les","4","adolescents","tués","dans","un","accident","de","voiture","dans","le","Jura?"],"times2":"21/01"},{"titres2":["Kalray","est","une","société","de","semi-conducteurs","pionnière","dans","une","nouvelle","génération","de","processeurs"],"times2":"21/01"},{"titres2":["L’édito","de","Matthieu","Croissandeau",":","La","hausse","de","l'immigration","légale","-","21/01"],"times2":"21/01"},{"titres2":["JO","dans","les","Alpes","du","Sud",":","Jean-Marie","Bernard","réagit"],"times2":"21/01"},{"titres2":["JO","dans","les","Alpes","du","Sud",":","Jean-Marie","Bernard","réagit"],"times2":"21/01"},{"titres2":["Superbowl:","des","stars","de","légende","pour","le","show","de","la","mi-temps"],"times2":"21/01"},{"titres2":["Eric","Baissus","(Kalray)",":","Kalray,","spécialiste","français","des","semi-conducteurs","pour","l'IA","-","21/01"],"times2":"21/01"},{"titres2":["Une","start-up","calaisienne","au","CES","de","Las","Vegas"],"times2":"21/01"},{"titres2":["Une","start-up","calaisienne","au","CES","de","Las","Vegas"],"times2":"21/01"},{"titres2":["Lyon:","200","personnes","vont","traverser","le","Rhône","à","la","nage","dimanche"],"times2":"21/01"},{"titres2":["Météo","Paris-Ile","de","France","du","21","janvier",":","Des","nuages","omniprésents"],"times2":"21/01"},{"titres2":["La","question","des","impôts","de","production","dans","le","débat","public"],"times2":"21/01"},{"titres2":["Crédit","immobilier",":","les","taux","vont","remonter","-","21/01"],"times2":"21/01"},{"titres2":["Orchies:","des","travaux","pour","réduire","la","facture","énergétique"],"times2":"21/01"},{"titres2":["Orchies:","des","travaux","pour","réduire","la","facture","énergétique"],"times2":"21/01"},{"titres2":["50","ans","après","son","écriture,","la","chanson","de","son","père","cartonne","sur","TikTok"],"times2":"21/01"},{"titres2":["BFM","Business","avec","vous",":","Dans","quel","cas","les","auto-entrepreneurs","étaient","concernés","par","la","médiation","à","la","consommation","?","-","21/01"],"times2":"21/01"},{"titres2":["Lyon:","manifestation","d'exposants","du","marché","Grand","Clément","devant","le","siège","de","la","Métropole"],"times2":"21/01"},{"titres2":["Lille:","une","cinquantaine","d'enseignants","mobilisés","jeudi"],"times2":"21/01"},{"titres2":["La","météo","pour","ce","vendredi","21","janvier","2022"],"times2":"21/01"},{"titres2":["Nord-Pas-de-Calais:","le","résumé","des","annonces","Jean","Castex"],"times2":"21/01"},{"titres2":["Nord-Pas-de-Calais:","le","résumé","des","annonces","Jean","Castex"],"times2":"21/01"},{"titres2":["Aides","d’urgence","aux","entreprises:","la","fraude","estimée","à","174,2","millions","d’euros"],"times2":"21/01"},{"titres2":["La","première","nuit","de","la","solidarité","de","Lyon","s'est","tenue","ce","jeudi"],"times2":"21/01"},{"titres2":["Pour","payer","moins,","ils","participent","aux","travaux","-","21/01"],"times2":"21/01"},{"titres2":["Olivier","Lluansi","(PwC)",":","Les","enjeux","pour","faire","progresser","les","ETI","françaises","pendant","le","prochain","quinquennat","-","21/01"],"times2":"21/01"},{"titres2":["Le","débat",":","EDF,","rien","ne","va","plus","!","par","Jean-Marc","Daniel","et","Nicolas","Doze","-","21/01"],"times2":"21/01"},{"titres2":["TOUT","COMPRENDRE","-","Droits","de","succession:","ce","que","proposent","les","candidats","à","l'élection","présidentielle"],"times2":"21/01"},{"titres2":["L'essentiel","de","l'actualité","parisienne","du","vendredi","21","janvier","2022"],"times2":"21/01"},{"titres2":["\"On","nous","a","remis","une","lumière","au","bout","du","tunnel\":","la","directrice","du","Zénith","de","Paris","réagit","à","la","fin","des","jauges","prévue","le","2","février"],"times2":"21/01"},{"titres2":["Météo","Île-de-France:","un","vendredi","nuageux,","6","°C","attendus","à","Paris"],"times2":"21/01"},{"titres2":["Météo","Nord-Pas-de-Calais:","une","journée","nuageuse","ce","vendredi","avec","des","averses","par","endroits"],"times2":"21/01"},{"titres2":["Battu","à","la","primaire","écologiste,","Jean-Marc","Governatori","annonce","tout","de","même","sa","candidature","à","la","présidentielle"],"times2":"21/01"},{"titres2":["Record","d'ensoleillement","dans","le","Var"],"times2":"21/01"},{"titres2":["Comment","le","Texas","est","devenu","l'eldorado","des","poids","lourds","sans","chauffeur"],"times2":"21/01"},{"titres2":["Météo","Alpes","du","Sud:","des","températures","négatives","ce","vendredi","matin","mais","du","soleil"],"times2":"21/01"},{"titres2":["BFM","Côte","d'Azur:","un","grand","soleil","au","programme","ce","jeudi"],"times2":"21/01"},{"titres2":["Matthieu","Masselin","(Wandercraft)",":","Wandercraft","développe","un","nouveau","robot","-","21/01"],"times2":"21/01"},{"titres2":["Météo","Var:","des","conditions","ensoleillées","ce","vendredi","avec","des","gelées","par","endroits"],"times2":"21/01"},{"titres2":["Météo","Rhône:","un","jeudi","gris","et","venteux","malgré","quelques","éclaircies","dans","l'après-midi"],"times2":"21/01"},{"titres2":["Météo","Bouches-du-Rhône:","du","soleil","et","du","vent","prévus","ce","vendredi"],"times2":"21/01"},{"titres2":["L'Autriche","devient","le","premier","pays","de","l'UE","à","adopter","la","vaccination","obligatoire"],"times2":"21/01"},{"titres2":["Benaouda","Abdeddaïm",":","La","potasse","de","Biélorussie","ciblée","par","les","sanctions","euro-américaines,","les","recours","potentiels","russes","et","chinois","-","21/01"],"times2":"21/01"},{"titres2":["Défilé","Louis","Vuitton:","l'ultime","collection","de","Virgil","Abloh"],"times2":"21/01"},{"titres2":["Crack","à","Paris:","4","mois","après","l'évacuation","du","quartier","du","jardin","d'Éole","à","Paris,","rien","ne","semble","avoir","changé"],"times2":"21/01"},{"titres2":["Éric","Zemmour:","pourquoi","des","ralliements","maintenant","?"],"times2":"21/01"},{"titres2":["Un","week-end","ensoleillé","au","sud,","plus","nuageux","au","nord"],"times2":"21/01"},{"titres2":["Amazon","lance","son","premier","magasin","de","vêtements","en","personne,","truffé","d'algorithmes"],"times2":"21/01"},{"titres2":["Culture","Geek",":","Les","implants","cérébraux","de","Neuralink","bientôt","testé","sur","les","humains","par","Anthony","Morel","-","21/01"],"times2":"21/01"},{"titres2":["EN","DIRECT","-","Covid-19:","le","variant","Omicron","désormais","dominant","en","Europe"],"times2":"2022-01-21T19:10:38+01:00"},{"titres2":["La","pépite",":","La","pépite",":","Tchac","donne","accès","à","des","recettes","de","chefs","via","une","plateforme","digitale","de","vidéos","par","Lorraine","Goumot","-","21/01"],"times2":"21/01"},{"titres2":["Qui","sont","les","4","lycéens","morts","dans","l'accident","de","voiture","dans","le","Jura?"],"times2":"21/01"},{"titres2":["Covid-19:","le","recensement","inquiète","des","maires","qui","demandent","le","report","de","la","campagne"],"times2":"21/01"},{"titres2":["Netflix","voit","la","croissance","de","ses","abonnés","ralentir","et","dégringole","en","Bourse"],"times2":"21/01"},{"titres2":["Pass","vaccinal:","ce","qui","peut","changer","dès","lundi"],"times2":"21/01"},{"titres2":["Dès","le","16","février,","on","pourra","de","nouveau","danser","et","consommer","debout","dans","les","bars"],"times2":"21/01"},{"titres2":["Après","la","polémique","du","prix","de","la","baguette,","la","côte","de","porc","à","moins","de","2€","le","kg","chez","E.Leclerc"],"times2":"21/01"},{"titres2":["Crédit","immobilier:","les","taux","vont","remonter"],"times2":"21/01"},{"titres2":["Une","femme","tente","de","s’immoler","devant","l'hôtel","de","ville","de","Paris","pour","alerter","sur","le","squat","de","son","appartement"],"times2":"21/01"},{"titres2":["Les","prix","des","fruits","et","légumes","ont","bondi","de","9%","en","France","entre","2019","et","2021,","selon","Familles","rurales"],"times2":"21/01"},{"titres2":["Pour","faire","revenir","les","familles,","le","Louvre","propose","désormais","des","ateliers","pour","apprendre","aux","enfants","à","manier","le","pinceau"],"times2":"21/01"},{"titres2":["“Personne","n’osait","parler","de","ce","qu’il","nous","faisait ”:","une","nouvelle","victime","du","père","Ribes","témoigne"],"times2":"21/01"},{"titres2":["Pour","payer","moins","cher,","ils","participent","aux","travaux","de","réhabilitation","de","leur","logement"],"times2":"21/01"},{"titres2":["\"La","moitié","de","mon","équipe","a","le","Covid\":","en","larmes,","la","chanteuse","Adele","annonce","le","report","de","ses","concerts","à","Las","Vegas"],"times2":"21/01"},{"titres2":["Accidents","de","ski:","le","casque","obligatoire","?"],"times2":"21/01"},{"titres2":["Brouillards,","nuages","bas..:","une","grisaille","encore","très","présente","ce","vendredi"],"times2":"21/01"},{"titres2":["Pass","vaccinal:","les","restaurateurs","vent","debout","contre","le","contrôle","d'identité","de","leurs","clients"],"times2":"21/01"},{"titres2":["Électricité:","le","gouvernement","estime","que","l'intervention","de","l'État","a","évité","la","fermeture","de","150","entreprises"],"times2":"21/01"},{"titres2":["Fin","des","jauges,","fin","du","télétravail","obligatoire,","fin","du","masque","en","extérieur:","la","France","allège","ses","restrictions","à","partir","du","2","février"],"times2":"21/01"},{"titres2":["Pourquoi","un","insecte","pourrait","faire","grimper","le","prix","du","jus","d'orange"],"times2":"21/01"},{"titres2":["BFM","Bourse","-","Jeudi","6","janvier"],"times2":"21/01"},{"titres2":["Tech","&","Co","-","Mercredi","5","janvier"],"times2":"21/01"},{"titres2":["Présidentielle:","Christiane","Taubira","veut","investir","1,5%","du","PIB","pour","la","jeunesse"],"times2":"21/01"},{"titres2":["Antarctique:","neuf","personnes","évacuées","après","l'apparition","d'un","cluster","Covid","dans","une","base","scientifique"],"times2":"21/01"},{"titres2":["15","personnes","en","moyenne","meurent","chaque","année","sur","les","pistes","de","ski"],"times2":"21/01"},{"titres2":["Chine","Éco",":","Quand","la","Chine","rachète","des","marques","par","Erwan","Morice","-","20/01"],"times2":"21/01"},{"titres2":["Enquête","de","Nelson",":","De","la","Chesnais,","directeur","de","campagne","d’Eric","Zemmour,","viré","de","l’armée","?","-","20/01"],"times2":"21/01"},{"titres2":["États-Unis:","la","Cour","suprême","refuse","un","nouveau","recours","contre","la","loi","anti-avortement","du","Texas"],"times2":"21/01"},{"titres2":["Pétain","\"sauveur\"","des","juifs:","l'avocat","de","Zemmour","juge","\"discriminatoire\"","le","rejet","du","renvoi","du","procès"],"times2":"20/01"},{"titres2":["La","région","Île-de-France","distribue","1","million","de","masques","FFP2","aux","lycées","franciliens"],"times2":"20/01"},{"titres2":["Appartement","occupé","illégalement:","une","femme","propriétaire","tente","de","s'immoler","par","le","feu","à","Paris"],"times2":"20/01"},{"titres2":["\"Ça","arrive","souvent","par","vagues\":","7","policiers","se","sont","suicidés","depuis","le","début","de","l'année","en","France"],"times2":"20/01"},{"titres2":["Paris","politiques","du","20/01/2022","avec","Bernard","Cohen-Hadad,","président","de","la","CPME","Île-de-France"],"times2":"20/01"},{"titres2":["La","Tech","face","à","la","pénurie","de","talents","-","20/01"],"times2":"20/01"},{"titres2":["Microsoft","achète","Activision","Blizzard","pour","68,7","milliards","de","dollars,","un","record","dans","l'histoire","du","jeu","vidéo","-","20/01"],"times2":"20/01"},{"titres2":["5e","vague:","aucun","seuil","fixé","par","l'exécutif","pour","l'allègement","progressif","des","restrictions","en","février"],"times2":"20/01"},{"titres2":["Lyon","Politiques","du","20/01/2022","avec","Renaud","Payre,","vice-président","de","la","Métropole","de","Lyon","en","charge","du","logement","social"],"times2":"20/01"},{"titres2":["Le","plus","de","22h","Max:","La","plupart","des","restrictions","levées","en","février","-","20/01"],"times2":"20/01"},{"titres2":["Gilles","Petit","(Prodiss)","sur","le","retour","des","concerts","debout:","\"On","se","réjouit","d'avoir","enfin","été","entendus\""],"times2":"20/01"},{"titres2":["Seine-Saint-Denis:","une","femme","condamnée","à","9","ans","de","prison","pour","la","mort","de","son","nourrisson"],"times2":"20/01"},{"titres2":["\"Je","suis","très","heureux\":","Gad","Elmaleh","salue","la","levée","des","restrictions","sanitaires","par","le","gouvernement"],"times2":"20/01"},{"titres2":["Dominique","Costagliola:","\"J'ai","du","mal","à","comprendre","l'optimisme","présenté","par","le","Premier","ministre\""],"times2":"20/01"},{"titres2":["Me","Olivier","Pardo,","avocat","d’Éric","Zemmour:","\"C'est","parce","qu'il","est","un","justiciable","comme","un","autre","qu'il","ne","doit","pas","se","voir","appliquer","des","mesures","discriminatoires\""],"times2":"20/01"},{"titres2":["La","plupart","des","restrictions","levées","en","février","(2)","-","20/01"],"times2":"20/01"},{"titres2":["Sophie","Desormière","(Navya)",":","Navya","dévoilera","les","16","et","17","mars","la","mise","en","œuvre","de","son","système","de","supervision","à","distance","d'une","flotte","de","navettes","-","20/01"],"times2":"20/01"},{"titres2":["Covid-19:","le","gouvernement","choisit","la","voie","de","l'allègement","des","restrictions","malgré","l'avis","du","Conseil","scientifique"],"times2":"20/01"},{"titres2":["La","plupart","des","restrictions","levées","en","février","-","20/01"],"times2":"20/01"},{"titres2":["Situation","\"grave\"","ou","assouplissement","\"logique\"?","Les","médecins","partagés","après","les","annonces","de","Jean","Castex"],"times2":"20/01"},{"titres2":["Nord:","1500","bombonnes","de","protoxyde","d'azote","découvertes","dans","un","box","à","Tourcoing"],"times2":"20/01"},{"titres2":["Assaut","du","Capitole:","Ivanka","Trump","invitée","à","témoigner","devant","la","commission","parlementaire"],"times2":"20/01"},{"titres2":["Michel","Combot","(FFTélécoms)",":","5G,","des","compagnies","aériennes","modifient","ou","suspendent","leurs","vols","vers","les","États-Unis","-","20/01"],"times2":"20/01"},{"titres2":["Pour","Gad","Elmaleh,","l'allègement","des","restrictions","est","une","\"bonne","nouvelle","pour","les","artistes\""],"times2":"20/01"},{"titres2":["Allemagne:","Benoît","XVI","exprime","\"son","choc","et","sa","honte\"","après","un","rapport","sur","la","pédocriminalité"],"times2":"20/01"},{"titres2":["Etats-Unis,","l'autopilot","de","Tesla","au","coeur","d'une","procès","en","février","prochain,","le","conducteur","considéré","coupable:"],"times2":"20/01"},{"titres2":["Cédric","O","(Secrétaire","d'État","chargé","de","la","Transition","numérique)",":","Présidence","française","de","l'Union","européenne,","l'objetif","de","réguler","les","géants","du","numérique","-","20/01"],"times2":"20/01"},{"titres2":["Debrief:","Le","Métavers","quels","enjeux","?"],"times2":"20/01"},{"titres2":["Bernard","Cohen-Hadad","invité","de","Paris","Politiques,","revoir","l’émission"],"times2":"20/01"},{"titres2":["Syrie:","Daesh","attaque","une","prison","et","libère","des","jihadistes"],"times2":"20/01"},{"titres2":["Le","rappeur","Seth","Gueko","défile","en","tenue","de","prêtre","pour","la","Fashion","Week","parisienne"],"times2":"20/01"},{"titres2":["Nice:","la","Métropole","dévoile","le","tracé","de","la","ligne","5","du","tramway"],"times2":"20/01"},{"titres2":["Debrief","sur","le","rachat","d'Activision","Blizzard","par","Microsoft"],"times2":"20/01"},{"titres2":["U2:","Bono","n'aime","pas","le","nom","du","groupe","et","trouve","\"la","plupart\"","de","leurs","chansons","\"embarrassantes\""],"times2":"20/01"},{"titres2":["Le","métavers","de","Facebook","pourrait","revendre","des","données","sur","nos","expressions","faciales"],"times2":"20/01"}]}